City,Latitude,Longitude,Max Temp,Humidity,Cloudiness,Wind Speed,Country,Date
Myitkyina,25.3833,97.4,54.45,59,0,2.86,MM,1611881612
Yellowknife,62.456,-114.3525,-16.06,89,100,4.05,CA,1611881526
Tasiilaq,65.6145,-37.6368,22.64,96,100,10.54,GL,1611881481
Busselton,-33.65,115.3333,70.0,73,0,1.01,AU,1611881613
Pevek,69.7008,170.3133,-21.06,87,100,0.85,RU,1611881613
Esna,25.2934,32.554,50.0,71,0,6.78,EG,1611881613
Katsuura,35.1333,140.3,46.69,53,9,13.69,JP,1611881613
Saldanha,-33.0117,17.9442,57.2,77,0,4.61,ZA,1611881613
Jalu,29.0331,21.5482,49.42,85,0,7.07,LY,1611881613
Norman Wells,65.282,-126.8329,-27.4,68,20,2.3,CA,1611881512
Vaini,-21.2,-175.2,80.33,83,100,29.08,TO,1611881614
Egvekinot,66.3167,-179.1667,-18.67,84,7,21.47,RU,1611881614
Klaksvík,62.2266,-6.589,32.0,69,20,11.5,FO,1611881535
Albany,42.6001,-73.9662,17.01,64,26,3.0,US,1611881614
Saskylakh,71.9167,114.0833,-41.1,79,40,4.05,RU,1611881614
Cidreira,-30.1811,-50.2056,72.41,94,100,14.76,BR,1611881614
Atuona,-9.8,-139.0333,78.94,74,14,18.59,PF,1611881614
Butaritari,3.0707,172.7902,80.78,78,88,15.48,KI,1611881614
Antalaha,-14.9003,50.2788,75.4,88,6,3.65,MG,1611881615
Cuicatlan,17.8,-96.9667,65.71,73,100,4.65,MX,1611881615
Ribeira Grande,38.5167,-28.7,60.33,88,100,37.51,PT,1611881615
Qaanaaq,77.484,-69.3632,-13.38,65,0,7.02,GL,1611881500
Bambous Virieux,-20.3428,57.7575,75.99,88,40,9.24,MU,1611881503
Longyearbyen,78.2186,15.6401,-2.2,46,20,18.41,SJ,1611881615
São Filipe,14.8961,-24.4956,73.24,67,0,5.59,CV,1611881615
Poum,-20.2333,164.0167,81.05,78,100,9.84,NC,1611881615
Bluff,-46.6,168.3333,48.0,80,100,8.01,NZ,1611881615
Nome,64.5011,-165.4064,12.2,67,90,8.05,US,1611881417
Kapaa,22.0752,-159.319,75.2,69,90,19.57,US,1611881616
Cape Town,-33.9258,18.4232,64.0,88,0,4.61,ZA,1611881351
Flinders,-34.5833,150.8552,69.01,93,100,1.99,AU,1611881616
Thompson,55.7435,-97.8558,-4.0,84,75,4.61,CA,1611881458
Punta Arenas,-53.15,-70.9167,46.4,61,75,19.57,CL,1611881463
Mashhad,36.297,59.6062,37.4,44,0,4.61,IR,1611881480
Constitución,-35.3333,-72.4167,58.73,87,65,7.56,CL,1611881616
Saint George,37.1041,-113.5841,55.4,33,1,19.57,US,1611881457
Smiltene,57.4244,25.9016,25.0,95,100,1.01,LV,1611881617
Aklavik,68.2191,-135.0107,-25.6,68,40,5.75,CA,1611881422
Belyy Yar,53.6039,91.3903,26.6,59,100,22.37,RU,1611881464
Grindavik,63.8424,-22.4338,32.86,79,45,4.36,IS,1611881617
Constantine,36.365,6.6147,52.25,79,6,6.46,DZ,1611881617
Tyrma,50.0833,132.1667,-16.4,83,51,1.99,RU,1611881617
Rincon,32.296,-81.2354,42.84,62,0,5.26,US,1611881328
Ushuaia,-54.8,-68.3,42.8,81,75,28.77,AR,1611881460
Broome,42.2506,-75.833,15.01,67,90,16.11,US,1611881617
Kaseda-shirakame,31.4167,130.3167,37.4,56,40,24.16,JP,1611881618
Mahébourg,-20.4081,57.7,78.84,75,38,9.06,MU,1611881618
Hobyo,5.3505,48.5268,75.51,72,1,17.09,SO,1611881618
Gilgit,35.9221,74.3087,21.96,53,13,4.56,PK,1611881618
Rikitea,-23.1203,-134.9692,79.93,67,23,4.9,PF,1611881618
Zhezkazgan,47.8043,67.7144,11.39,93,0,8.57,KZ,1611881618
Zhigansk,66.7697,123.3711,-52.4,75,50,6.6,RU,1611881618
Benjamin Constant,-4.3831,-70.0311,75.27,96,100,0.54,BR,1611881618
Mazara del Vallo,37.6641,12.588,60.01,100,32,1.99,IT,1611881618
Rawson,-43.3002,-65.1023,61.41,58,0,13.51,AR,1611881619
Lappeenranta,61.0587,28.1887,25.88,98,100,6.76,FI,1611881619
Osinovo,55.8809,48.881,15.8,79,0,11.18,RU,1611881619
Port Alfred,-33.5906,26.891,65.88,82,0,3.31,ZA,1611881498
Hare Bay,48.8499,-54.0148,21.2,93,62,5.75,CA,1611881619
Tiksi,71.6872,128.8694,-24.52,86,99,7.87,RU,1611881619
Sangar,63.9242,127.4739,-53.43,73,75,3.49,RU,1611881619
Coyhaique,-45.5752,-72.0662,51.8,62,75,3.44,CL,1611881620
Hilo,19.7297,-155.09,80.6,54,20,9.22,US,1611881454
Keningau,5.3378,116.1602,78.8,78,20,5.75,MY,1611881620
Mindelo,16.8901,-24.9804,69.8,83,20,19.57,CV,1611881571
Faanui,-16.4833,-151.75,81.36,67,100,5.23,PF,1611881620
Oga,46.4631,10.347,43.0,100,0,4.61,IT,1611881620
Bethel,41.3712,-73.414,19.0,58,0,15.66,US,1611881620
San Cristobal,7.7669,-72.225,66.16,86,100,2.35,VE,1611881513
Naze,28.3667,129.4833,51.8,76,75,14.97,JP,1611881620
São João da Barra,-21.6403,-41.0511,78.04,81,20,21.39,BR,1611881621
Souillac,-20.5167,57.5167,75.2,88,40,7.99,MU,1611881621
Marsabit,2.3284,37.9899,67.62,60,6,7.4,KE,1611881621
Valdivia,-39.8142,-73.2459,57.2,100,90,4.61,CL,1611881521
Hasaki,35.7333,140.8333,45.0,75,20,13.8,JP,1611881621
Igrim,63.1906,64.4162,-20.34,87,46,5.88,RU,1611881621
Ilulissat,69.2167,-51.1,8.6,52,0,8.05,GL,1611881621
Pisco,-13.7,-76.2167,71.2,72,69,1.3,PE,1611881621
Lebu,-37.6167,-73.65,58.75,97,100,12.84,CL,1611881511
Kankaanpää,61.8,22.4167,14.45,96,26,6.04,FI,1611881622
Honningsvåg,70.9821,25.9704,25.38,90,100,29.59,NO,1611881622
Hibbing,47.4272,-92.9377,10.4,67,1,5.75,US,1611881622
Husavik,66.0449,-17.3389,-7.6,84,0,9.01,IS,1611881622
Korba,22.35,82.6833,60.03,59,19,2.95,IN,1611881622
Lagoa,39.05,-27.9833,62.35,91,100,37.45,PT,1611881622
Sabzawār,36.2126,57.6819,39.02,60,0,2.35,IR,1611881622
Dikson,73.5069,80.5464,-32.42,80,46,2.62,RU,1611881622
Oistins,13.0667,-59.5333,78.8,65,40,12.66,BB,1611881438
Playa Vicente,17.8333,-95.8167,66.81,83,100,5.59,MX,1611881623
Chokurdakh,70.6333,147.9167,-19.19,88,100,6.44,RU,1611881482
Mahibadhoo,3.7833,72.9667,79.9,75,53,13.22,MV,1611881623
Mirny,62.5353,113.9611,-45.27,78,72,3.49,RU,1611881623
Puerto Ayora,-0.7393,-90.3518,79.0,91,75,5.01,EC,1611881623
Basco,20.4487,121.9702,68.61,79,100,36.04,PH,1611881623
Ozernovskiy,51.5,156.5167,25.36,95,100,5.37,RU,1611881623
Verkhnyaya Inta,65.9811,60.3094,-29.72,84,0,3.85,RU,1611881623
Sola,-13.8833,167.55,89.6,70,75,4.83,VU,1611881624
Portland,45.5234,-122.6762,44.8,80,100,1.1,US,1611881323
Kalangala,-0.3089,32.225,70.83,79,51,9.82,UG,1611881624
Cervo,43.6702,-7.4101,55.0,98,95,11.99,ES,1611881624
Hong Kong,22.2855,114.1577,61.0,56,12,9.26,HK,1611881504
Mataura,-46.1927,168.8643,48.0,80,100,8.01,NZ,1611881456
Hervey Bay,-25.2986,152.8535,84.0,61,4,7.0,AU,1611881466
Comodoro Rivadavia,-45.8667,-67.5,64.4,33,70,11.01,AR,1611881624
Rexburg,43.826,-111.7897,35.85,84,100,9.42,US,1611881468
Rāvar,31.2656,56.8055,49.44,38,0,4.97,IR,1611881624
Hobart,-42.8794,147.3294,64.02,55,100,14.16,AU,1611881625
Manacapuru,-3.2997,-60.6206,75.2,94,75,1.14,BR,1611881350
Lewisburg,35.4492,-86.7889,28.24,93,0,5.41,US,1611881625
Red Bluff,40.1785,-122.2358,48.2,81,90,19.57,US,1611881625
Bukama,-9.2,25.85,68.41,93,100,1.7,CD,1611881625
Mehrān,33.1222,46.1646,59.27,48,0,10.6,IR,1611881625
Ponta do Sol,32.6667,-17.1,62.87,69,65,6.26,PT,1611881625
Kahului,20.8947,-156.47,80.6,54,40,25.32,US,1611881367
Rome,43.2128,-75.4557,8.19,93,83,8.19,US,1611881625
Saint Paul Harbor,57.79,-152.4072,33.8,80,90,21.85,US,1611881626
Mandurah,-32.55,115.7,71.01,61,0,13.89,AU,1611881626
Jamestown,42.097,-79.2353,19.0,86,90,19.57,US,1611881502
Storsteinnes,69.2408,19.2344,21.2,57,90,12.66,NO,1611881626
Betioky,-23.7167,44.3833,71.87,96,5,0.87,MG,1611881626
Cherepovets,59.1333,37.9,30.42,99,100,12.19,RU,1611881626
La Ronge,55.1001,-105.2842,6.8,85,100,6.91,CA,1611881626
Kilemary,56.7783,46.8659,13.33,97,100,6.69,RU,1611881626
Sajanan,37.0573,9.2426,60.8,82,20,6.91,TN,1611881626
Morondava,-20.2833,44.2833,79.95,83,81,6.96,MG,1611881627
Barcelos,41.5388,-8.6151,56.57,94,100,4.5,PT,1611881458
Inyonga,-6.7167,32.0667,63.32,91,100,2.82,TZ,1611881627
Bentiu,9.2333,29.8333,76.33,18,98,5.86,SS,1611881627
Adrar,20.5022,-10.0711,64.24,29,0,9.75,MR,1611881621
Hermanus,-34.4187,19.2345,62.01,76,4,6.02,ZA,1611881627
Beloha,-25.1667,45.05,74.34,94,7,3.53,MG,1611881627
Cockburn Town,21.4612,-71.1419,76.71,73,2,15.28,TC,1611881627
Tabou,4.423,-7.3528,77.11,89,0,4.14,CI,1611881627
Bodden Town,19.2833,-81.25,78.75,67,0,15.73,KY,1611881628
Raudeberg,61.9875,5.1352,33.06,87,97,20.78,NO,1611881568
Kununurra,-15.7667,128.7333,82.4,89,90,12.66,AU,1611881380
Kruisfontein,-34.0033,24.7314,57.0,89,0,4.68,ZA,1611881628
Taoudenni,22.6783,-3.9836,66.51,27,0,16.96,ML,1611881628
Suntar,62.1444,117.6319,-47.34,77,95,3.62,RU,1611881415
Ostrovnoy,68.0531,39.5131,2.46,89,100,17.69,RU,1611881628
Lompoc,34.6391,-120.4579,51.8,87,90,3.44,US,1611881629
Tahlequah,35.9154,-94.97,35.06,81,99,5.44,US,1611881386
Barrow,71.2906,-156.7887,-11.2,70,1,10.36,US,1611881516
Asău,46.4333,26.4,33.8,60,75,11.5,RO,1611881629
Río Gallegos,-51.6226,-69.2181,48.2,49,40,24.16,AR,1611881546
Jacareacanga,-6.2222,-57.7528,74.01,94,100,0.56,BR,1611881629
Pangody,65.85,74.4859,-30.28,84,100,8.72,RU,1611881559
Cayon,17.35,-62.7333,72.0,97,96,9.95,KN,1611881629
Kitama,-10.7167,39.7333,78.8,83,40,13.8,TZ,1611881630
Torbay,47.6666,-52.7314,22.12,91,91,11.63,CA,1611881630
Saint-Philippe,-21.3585,55.7679,77.0,69,0,5.75,RE,1611881630
Sur,22.5667,59.5289,60.73,57,0,1.16,OM,1611881630
Kralendijk,12.15,-68.2667,78.8,73,9,8.05,BQ,1611881630
Alofi,-19.0595,-169.9187,80.6,83,90,24.61,NU,1611881630
Bredasdorp,-34.5322,20.0403,55.4,82,1,5.75,ZA,1611881624
Tilichiki,60.4667,166.1,0.27,93,100,9.44,RU,1611881500
Tambo,-14.8,-73.9167,37.9,85,95,5.93,PE,1611881631
Kanata,45.3159,-75.8985,6.01,66,75,20.71,CA,1611881631
A Coruña,43.3713,-8.396,59.0,88,40,8.05,ES,1611881631
Chui,-33.6971,-53.4616,68.74,77,0,10.38,UY,1611881631
Nushki,29.5542,66.0215,40.5,49,13,1.66,PK,1611881487
Belfort,47.6333,6.8667,52.0,93,90,13.8,FR,1611881631
Kargasok,59.0556,80.8572,2.98,94,96,3.98,RU,1611881631
East London,-33.0153,27.9116,67.51,78,0,8.68,ZA,1611881632
Vila Velha,-20.3297,-40.2925,78.8,78,0,10.36,BR,1611881632
Ancud,-41.8697,-73.8203,57.2,77,75,3.44,CL,1611881632
Khatanga,71.9667,102.5,-43.42,73,0,2.28,RU,1611881632
Waipawa,-41.4122,175.5153,61.0,63,40,23.02,NZ,1611881632
Airai,-8.9266,125.4092,64.38,100,100,7.11,TL,1611881632
Abu Kamal,34.4506,40.9171,50.79,63,0,5.01,SY,1611881632
Rūdsar,37.1376,50.288,58.39,43,19,5.86,IR,1611881632
Bathsheba,13.2167,-59.5167,78.8,65,40,12.66,BB,1611881632
Avarua,-21.2078,-159.775,87.8,66,47,13.8,CK,1611881462
Olafsvik,64.8945,-23.7142,29.71,87,100,2.68,IS,1611881462
Sirte,31.2089,16.5887,60.22,76,85,13.98,LY,1611881633
Bucyrus,40.8084,-82.9755,21.99,63,90,9.22,US,1611881633
Amazar,53.858,120.875,-27.58,79,88,2.26,RU,1611881633
New Norfolk,-42.7826,147.0587,66.99,54,100,5.01,AU,1611881443
Codrington,-38.2667,141.9667,74.08,77,100,11.14,AU,1611881569
Amparafaravola,-17.5833,48.2167,65.97,94,0,1.3,MG,1611881633
Leningradskiy,69.3833,178.4167,-20.74,86,98,5.44,RU,1611881519
Srednekolymsk,67.45,153.6833,-19.17,87,100,8.59,RU,1611881634
Gamba,-2.65,10.0,77.27,89,100,4.76,GA,1611881634
Astoria,46.1879,-123.8313,48.2,66,40,4.61,US,1611881634
Oranjemund,-28.55,16.4333,61.9,79,0,18.14,NA,1611881634
Cañete,-37.8,-73.4,59.2,94,100,7.61,CL,1611881422
Correntina,-13.3433,-44.6367,70.9,63,0,0.6,BR,1611881634
Paita,-5.0892,-81.1144,75.04,79,75,10.36,PE,1611881634
Obama,35.4958,135.746,35.74,82,100,27.2,JP,1611881635
Kwinana,-32.25,115.7667,75.99,53,0,17.27,AU,1611881635
Fortuna,40.5982,-124.1573,48.99,93,90,0.29,US,1611881635
Karwar,14.8,74.1333,72.12,53,93,5.64,IN,1611881635
Russell,32.3502,-85.1999,48.2,60,1,8.05,US,1611881635
Iqaluit,63.7506,-68.5145,-4.45,84,0,17.16,CA,1611881635
Benicarló,40.4165,0.4271,57.99,65,78,1.01,ES,1611881635
Ol'ga,43.7444,135.2892,8.56,88,100,22.32,RU,1611881543
Bonavista,48.6499,-53.1147,24.01,93,100,5.75,CA,1611881636
Port Macquarie,-31.4333,152.9167,71.55,92,100,6.71,AU,1611881636
Kiryat Gat,31.61,34.7642,52.0,100,100,1.99,IL,1611881362
Tuktoyaktuk,69.4541,-133.0374,-31.0,75,20,5.75,CA,1611881636
Marabu,4.4148,114.0089,80.22,83,100,10.02,MY,1611881636
Belmonte,-15.8631,-38.8828,78.8,73,40,11.5,BR,1611881523
Pilar,-9.5972,-35.9567,75.2,94,75,4.61,BR,1611881636
Umm Hājar,13.2954,19.6966,68.58,20,0,10.11,TD,1611881636
Sigli,5.3848,95.9609,78.55,76,99,4.16,ID,1611881636
Cururupu,-1.8283,-44.8683,76.6,87,100,2.77,BR,1611881637
Placerville,38.7296,-120.7986,43.0,100,90,6.91,US,1611881637
Alice Springs,-23.7,133.8833,87.01,48,75,6.91,AU,1611881637
Kiama,-34.6833,150.8667,69.01,88,100,8.99,AU,1611881520
Qaqortoq,60.7167,-46.0333,40.1,65,100,15.9,GL,1611881637
Kamloops,50.6665,-120.3192,25.59,93,100,2.3,CA,1611881637
Vardø,70.3705,31.1107,23.32,90,100,24.16,NO,1611881637
Geraldton,-28.7667,114.6,82.89,43,0,19.33,AU,1611881638
Bonthe,7.5264,-12.505,77.34,84,0,1.86,SL,1611881638
Viedma,-40.8135,-62.9967,64.99,52,100,1.01,AR,1611881474
Halifax,44.6453,-63.5724,28.4,80,40,9.22,CA,1611881457
Codajás,-3.8367,-62.0569,74.62,96,89,2.57,BR,1611881590
Yulara,-25.2406,130.9889,86.0,39,100,16.11,AU,1611881638
Aitape,-3.1374,142.3475,85.3,68,13,4.74,PG,1611881638
Hithadhoo,-0.6,73.0833,81.75,72,5,9.53,MV,1611881639
Port Hardy,50.6996,-127.4199,38.01,77,0,3.15,CA,1611881639
Senovo,46.0236,15.4769,39.0,81,75,5.75,SI,1611881639
Visnes,59.3556,5.2242,33.01,64,75,13.8,NO,1611881639
Clarksville,36.5298,-87.3595,30.0,64,1,4.61,US,1611881521
Lugaşu de Jos,47.0667,22.35,30.78,96,100,15.17,RO,1611881640
Berlevåg,70.8578,29.0864,23.34,92,100,24.02,NO,1611881518
Tarauacá,-8.1614,-70.7656,74.95,92,100,2.66,BR,1611881530
Barcelona,41.3888,2.159,55.83,76,100,5.86,ES,1611881579
Madimba,-10.4,40.3333,78.8,83,40,13.8,TZ,1611881640
Nagato,34.3833,131.2,33.44,86,94,25.3,JP,1611881640
Plouzané,48.3833,-4.6167,51.22,86,6,25.5,FR,1611881640
Adeje,28.1227,-16.726,60.8,77,0,3.44,ES,1611881640
Havelock,34.8791,-76.9013,31.68,93,0,10.45,US,1611881641
Nikolskoye,59.7035,30.7861,25.56,98,100,5.1,RU,1611881624
Leonidovo,49.2833,142.8667,3.67,87,100,2.66,RU,1611881641
Westport,41.1415,-73.3579,24.8,42,1,11.5,US,1611881641
Samaná,19.2056,-69.3369,72.68,84,2,1.3,DO,1611881581
Port Elizabeth,-33.918,25.5701,64.6,76,0,5.77,ZA,1611881641
Vao,-22.6667,167.4833,76.23,81,64,20.49,NC,1611881641
Fjerritslev,57.0813,9.2664,26.01,93,75,4.32,DK,1611881641
Severo-Kuril'sk,50.6789,156.125,28.38,91,90,7.31,RU,1611881467
Goderich,43.7501,-81.7165,21.2,86,100,21.85,CA,1611881601
Arraial do Cabo,-22.9661,-42.0278,77.5,83,9,24.25,BR,1611881642
Puerto El Triunfo,13.2833,-88.55,77.0,78,0,3.44,SV,1611881642
Anadyr,64.75,177.4833,0.0,71,20,8.95,RU,1611881642
Santa Cruz de La Palma,28.6835,-17.7642,67.87,55,0,5.12,ES,1611881530
Salalah,17.0151,54.0924,68.0,64,0,2.3,OM,1611881642
Nchelenge,-9.3451,28.734,71.28,79,100,4.36,ZM,1611881642
Bulalacao,12.3254,121.3435,77.99,67,92,29.12,PH,1611881642
Kaminoyama,38.1539,140.2736,37.0,93,75,10.36,JP,1611881643
Ushibukamachi,32.1906,130.0228,38.35,85,100,26.28,JP,1611881643
Kitgum,3.2783,32.8867,72.99,39,0,5.03,UG,1611881643
Plettenberg Bay,-34.0527,23.3716,61.5,76,0,5.21,ZA,1611881643
Chipinge,-20.1883,32.6236,64.26,98,100,4.38,ZW,1611881418
Namatanai,-3.6667,152.4333,86.02,67,100,8.68,PG,1611881643
Kuril'sk,45.2333,147.8833,24.53,89,100,9.95,RU,1611881643
Ponta Delgada,37.7333,-25.6667,64.0,94,75,25.32,PT,1611881643
Koslan,63.4564,48.8989,3.24,93,100,8.9,RU,1611881643
Dingle,10.9995,122.6711,77.22,83,73,13.02,PH,1611881486
Inhambane,-23.865,35.3833,78.48,84,12,3.69,MZ,1611881470
Tual,-5.6667,132.75,83.55,75,8,13.29,ID,1611881644
Gravdal,68.1214,13.5031,24.42,89,0,9.19,NO,1611881644
Kutum,14.2,24.6667,55.08,29,1,8.19,SD,1611881644
Evanston,42.0411,-87.6901,21.2,45,1,3.44,US,1611881447
Lakselv,70.0513,24.9718,11.43,89,100,7.11,NO,1611881644
Marilândia,-19.4128,-40.5417,71.71,87,0,1.88,BR,1611881529
Chiang Khong,20.2613,100.4046,70.0,100,97,1.77,TH,1611881644
Birnin Kebbi,12.4539,4.1975,72.93,19,0,14.76,NG,1611881645
Provideniya,64.3833,-173.3,10.4,72,0,17.9,RU,1611881484
Mar del Plata,-38.0023,-57.5575,68.58,73,100,14.27,AR,1611881645
Price,39.5994,-110.8107,33.8,55,1,3.44,US,1611881645
Praia da Vitória,38.7333,-27.0667,66.2,82,75,40.38,PT,1611881400
Jiwani,25.05,61.7417,64.89,47,0,2.95,PK,1611881645
Naryan-Mar,67.6713,53.087,-32.4,82,6,9.01,RU,1611881645
Pleasanton,37.6624,-121.8747,50.52,78,91,3.94,US,1611881645
Beringovskiy,63.05,179.3167,-1.28,91,100,21.77,RU,1611881646
Port-Cartier,50.0334,-66.8654,11.3,93,97,6.51,CA,1611881646
Chernyshevskiy,63.0128,112.4714,-44.01,81,63,3.09,RU,1611881646
Strezhevoy,60.7333,77.5889,-13.0,77,20,6.71,RU,1611881646
Hamilton,39.1834,-84.5333,27.0,68,0,4.74,US,1611881590
Shenjiamen,29.9576,122.298,39.88,66,0,12.41,CN,1611881646
Araouane,18.9048,-3.5265,66.79,22,0,10.4,ML,1611881646
Kyra,49.5776,111.9753,-5.3,83,100,7.25,RU,1611881646
Çanakkale Province,40.0833,26.8333,30.2,86,0,4.61,TR,1611881647
Sibu,2.3,111.8167,75.2,100,40,3.44,MY,1611881647
Tooele,40.5308,-112.2983,51.8,46,1,21.85,US,1611881647
Tromsø,69.6496,18.957,21.2,58,75,4.61,NO,1611881647
Laguna,38.421,-121.4238,49.93,89,100,13.56,US,1611881647
Yumen,40.2833,97.2,19.99,75,0,15.66,CN,1611881574
Palana,59.1167,159.9667,-3.86,95,97,7.23,RU,1611881596
Nacala,-14.5428,40.6728,77.45,86,98,3.71,MZ,1611881647
Sitka,57.0531,-135.33,35.6,64,75,6.91,US,1611881482
North Bend,43.4065,-124.2243,48.2,76,75,6.91,US,1611881648
Ketchikan,55.3422,-131.6461,28.4,64,1,4.61,US,1611881648
Mali,12.079,-12.2982,60.24,28,5,1.97,GN,1611881648
Narsaq,60.9167,-46.05,46.4,29,75,26.46,GL,1611881553
Kropotkin,45.4375,40.5756,35.67,84,100,8.05,RU,1611881648
Cabedelo,-6.9811,-34.8339,80.6,78,75,6.91,BR,1611881648
Lengshuijiang,27.6881,111.4294,45.48,58,0,0.51,CN,1611881648
Coahuayana Viejo,18.7333,-103.6833,76.39,68,3,2.64,MX,1611881648
Esperance,-33.8667,121.9,66.2,63,40,6.91,AU,1611881494
San Patricio,28.017,-97.5169,59.0,63,1,10.36,US,1611881649
Gusau,12.1628,6.6614,66.6,23,13,11.12,NG,1611881649
Nanortalik,60.1432,-45.2371,31.42,91,100,8.63,GL,1611881649
Makakilo City,21.3469,-158.0858,80.6,54,75,12.66,US,1611881578
Bandarbeyla,9.4942,50.8122,71.96,81,12,14.47,SO,1611881649
Salym,60.0625,71.4789,4.93,95,94,4.81,RU,1611881649
Port-Gentil,-0.7193,8.7815,79.81,77,100,5.23,GA,1611881649
Methóni,36.8197,21.7049,46.0,86,97,3.44,GR,1611881650
Upernavik,72.7868,-56.1549,-12.57,86,0,11.32,GL,1611881650
Mattru,7.6244,-11.8332,74.91,85,0,0.45,SL,1611881650
Te Anau,-45.4167,167.7167,51.85,63,81,2.48,NZ,1611881408
Saint-Augustin,51.226,-58.6502,11.97,93,0,7.87,CA,1611881650
Mehamn,71.0357,27.8492,22.14,92,100,22.06,NO,1611881650
Akonolinga,3.7667,12.25,69.1,89,100,2.17,CM,1611881650
Bontang,0.1333,117.5,78.53,82,100,3.91,ID,1611881650
Sambava,-14.2667,50.1667,76.41,88,74,4.43,MG,1611881650
Baghmara,23.795,86.2085,52.88,42,0,3.47,IN,1611881651
Zheleznodorozhnyy,55.7503,38.0042,34.0,93,90,11.18,RU,1611881651
Chapais,49.7834,-74.8492,-5.8,77,90,8.05,CA,1611881590
Lermontovka,47.1453,134.3383,-7.24,87,100,8.48,RU,1611881651
Valparaíso,-33.0393,-71.6273,73.4,49,0,10.36,CL,1611881431
Marzuq,14.4,46.4667,55.13,39,0,3.49,YE,1611881502
Erenhot,43.6475,111.9767,10.6,88,0,16.37,CN,1611881651
Falkenberg,56.9055,12.4912,26.56,93,0,9.89,SE,1611881651
Mogadishu,2.0371,45.3438,76.24,80,0,19.13,SO,1611881431
Batagay-Alyta,67.8006,130.4114,-40.58,80,4,1.23,RU,1611881652
Sibolga,1.7427,98.7792,76.91,68,100,3.85,ID,1611881652
Arlit,18.7369,7.3853,59.13,34,0,4.23,NE,1611881652
Tokmak,47.2514,35.7058,33.08,89,100,20.22,UA,1611881652
Muros,42.7762,-9.0603,59.0,92,100,13.0,ES,1611881652
Zile,40.3031,35.8864,28.4,86,40,3.44,TR,1611881652
Pangnirtung,66.1451,-65.7125,3.69,72,0,3.09,CA,1611881653
Ugoofaaru,5.6667,73.0,80.67,57,0,7.34,MV,1611881653
Talaya,61.3833,152.75,-25.53,81,100,5.17,RU,1611881653
Ca Mau,9.1769,105.15,77.54,69,21,11.81,VN,1611881653
Kavieng,-2.5744,150.7967,84.97,71,100,10.29,PG,1611881487
Columbus,39.9612,-82.9988,23.7,83,17,8.81,US,1611881461
Deputatsky,69.3,139.9,-36.38,81,100,2.82,RU,1611881653
Doha,25.2867,51.5333,63.79,72,3,7.45,QA,1611881429
Leeton,-34.5667,146.4,69.8,83,90,17.27,AU,1611881653
Gondang,-7.0109,111.3189,76.35,91,100,10.22,ID,1611881654
Vila Franca do Campo,37.7167,-25.4333,63.3,89,100,29.42,PT,1611881654
Lamar,33.6668,-95.5836,41.0,65,1,4.61,US,1611881654
Castro,-24.7911,-50.0119,65.8,95,100,3.51,BR,1611881654
Marin,38.0666,-122.7344,55.4,62,1,6.91,US,1611881654
Flin Flon,54.7682,-101.865,5.0,85,90,8.05,CA,1611881654
Douentza,14.9951,-2.9517,63.59,21,0,4.59,ML,1611881654
Katav-Ivanovsk,54.7531,58.1956,24.98,89,100,4.05,RU,1611881654
Samarai,-10.6167,150.6667,85.41,67,79,6.73,PG,1611881655
Bengkulu,-3.8004,102.2655,76.06,86,99,9.57,ID,1611881655
Kudahuvadhoo,2.6708,72.8944,80.17,80,80,13.82,MV,1611881655
Muisne,0.6,-80.0333,78.8,89,75,3.44,EC,1611881655
Idrinskoye,54.3708,92.1358,21.74,96,100,5.28,RU,1611881655
Bismarck,46.8083,-100.7837,15.8,79,1,9.22,US,1611881641
Kaitangata,-46.2817,169.8464,51.13,73,100,12.17,NZ,1611881655
Boddam,57.4667,-1.7833,37.4,100,90,13.8,GB,1611881656
Padilla,3.2204,-76.3139,68.99,76,100,2.62,CO,1611881656
Yangi Marg`ilon,40.4272,71.7189,28.4,59,0,6.91,UZ,1611881656
Byron Bay,-28.65,153.6167,80.6,65,40,10.36,AU,1611881656
Vung Tau,10.346,107.0843,75.49,70,39,7.61,VN,1611881656
Maceió,-9.6658,-35.7353,78.24,79,42,8.66,BR,1611881613
Kavaratti,10.5669,72.642,80.11,68,1,6.76,IN,1611881555
Aktas,49.7789,72.9608,14.14,90,38,3.69,KZ,1611881656
Saint Anthony,45.0205,-93.218,21.2,63,90,5.75,US,1611881656
El Batey,19.7667,-70.5167,77.0,83,40,3.33,DO,1611881657
Carutapera,-1.195,-46.02,78.91,82,100,5.79,BR,1611881657
Cornwall,45.0181,-74.7281,2.1,92,91,9.64,CA,1611881603
Dzaoudzi,-12.7887,45.2699,80.6,83,20,4.61,YT,1611881657
Mossamedes,-15.1961,12.1522,72.82,76,100,4.43,AO,1611881650
Praia,14.9215,-23.5087,69.8,64,0,11.5,CV,1611881657
Kalulushi,-12.8378,28.0919,64.0,94,99,5.01,ZM,1611881657
Wanning,18.8003,110.3967,67.1,75,51,12.17,CN,1611881657
Morón,-34.6534,-58.6198,80.78,54,100,4.94,AR,1611881657
Huarmey,-10.0681,-78.1522,71.01,81,48,6.04,PE,1611881565
Hofn,64.2539,-15.2082,28.6,90,98,7.14,IS,1611881658
Mina,26.0011,-100.5299,62.6,36,20,13.8,MX,1611881658
Seymchan,62.8833,152.4333,-22.67,83,100,4.29,RU,1611881658
Acapulco de Juárez,16.8634,-99.8901,84.2,61,75,8.05,MX,1611881370
Norsup,-16.0667,167.3833,85.96,70,100,1.95,VU,1611881658
Portree,57.4129,-6.1942,36.59,90,100,14.97,GB,1611881658
Krasnyy Kommunar,51.9644,55.3668,14.0,73,0,8.95,RU,1611881658
Santa Catarina,-27.0,-50.0,73.99,99,100,2.17,BR,1611881659
Tambura,5.6,27.4667,73.22,45,95,3.69,SS,1611881659
Paamiut,61.994,-49.6678,35.65,77,100,10.18,GL,1611881659
Turukhansk,65.8167,87.9833,-31.49,78,100,10.6,RU,1611881659
Ibrā’,22.6906,58.5334,52.03,64,0,2.46,OM,1611881659
Svetlaya,46.5389,138.3297,11.21,94,100,26.87,RU,1611881659
Brae,60.3964,-1.353,35.28,81,79,5.1,GB,1611881659
Salgueiro,-8.0742,-39.1192,75.78,69,99,15.68,BR,1611881659
Tura,25.5198,90.2201,55.38,64,0,2.93,IN,1611881659
Cherskiy,68.75,161.3,-28.62,85,0,3.0,RU,1611881660
Ouadda,8.0777,22.4007,70.57,23,88,3.58,CF,1611881660
Kiunga,-6.1219,141.2906,79.23,90,100,3.76,PG,1611881660
Boguchany,58.3814,97.4531,-33.25,80,100,3.78,RU,1611881660
Bam,29.106,58.357,49.73,34,86,3.4,IR,1611881660
Ølgod,55.8068,8.6286,28.0,93,75,3.44,DK,1611881660
Sobolevo,54.4299,31.8996,25.7,99,100,3.53,RU,1611881618
Nemuro,43.3236,145.575,28.4,74,75,17.27,JP,1611881660
Nishihara,26.1842,127.7558,57.2,58,75,24.16,JP,1611881660
Dakar,14.6937,-17.4441,68.0,68,0,10.36,SN,1611881525
Pacific Grove,36.6177,-121.9166,53.6,82,75,5.75,US,1611881661
Sakakah,29.9697,40.2064,50.54,46,0,6.51,SA,1611881661
Broken Hill,-31.95,141.4333,80.6,65,75,6.91,AU,1611881470
Bondo,3.8146,23.6866,69.28,91,100,1.95,CD,1611881661
Tagusao,9.1924,117.8141,81.09,72,51,5.01,PH,1611881661
Leh,34.1667,77.5833,1.45,69,75,1.39,IN,1611881661
Sfântu Gheorghe,45.8667,25.7833,22.5,93,100,2.55,RO,1611881661
Xai-Xai,-25.0519,33.6442,76.28,87,100,9.04,MZ,1611881661
Lovozero,68.005,35.0117,-0.31,92,100,11.18,RU,1611881662
Karratha,-20.7377,116.8463,90.14,47,0,10.4,AU,1611881662
Kyren,51.6828,102.1408,-0.78,86,100,1.16,RU,1611881662
Tupik,54.4253,119.9327,-31.68,81,100,2.51,RU,1611881662
Kurchum,48.5722,83.6542,-4.68,91,0,0.65,KZ,1611881662
Teahupoo,-17.8333,-149.2667,75.34,77,89,7.7,PF,1611881662
Aksu,41.1231,80.2644,16.34,84,0,3.06,CN,1611881662
Mizque,-17.941,-65.3402,63.59,71,90,4.85,BO,1611881662
Lata,40.1629,-8.3327,57.0,94,84,1.28,PT,1611881662
Caucaia,-3.7361,-38.6531,82.4,74,0,10.36,BR,1611881369
Bath,51.3779,-2.3591,50.0,96,100,1.99,GB,1611881475
Padang,-0.9492,100.3543,75.2,100,75,4.61,ID,1611881508
Wenling,28.3669,121.36,42.01,65,0,11.65,CN,1611881663
Saint-Pierre,-21.3393,55.4781,77.0,69,0,5.75,RE,1611881663
La Palma,33.8464,-118.0467,59.29,56,100,16.08,US,1611881663
Muscat,23.6139,58.5922,62.6,72,0,3.44,OM,1611881663
Mahon,39.8885,4.2658,55.4,94,42,6.91,ES,1611881663
Sistranda,63.7256,8.834,28.4,86,75,24.16,NO,1611881664
Moskovskiy,55.5991,37.355,32.31,98,100,8.34,RU,1611881664
Tandil,-37.3217,-59.1332,64.49,47,100,11.88,AR,1611881387
Canary Islands,28.0,-15.5,66.99,82,0,8.05,ES,1611881664
Moose Factory,51.2585,-80.6094,1.4,78,90,10.36,CA,1611881664
Yuancheng,36.652,107.7896,27.16,71,11,2.46,CN,1611881664
Port Blair,11.6667,92.75,79.74,82,12,8.59,IN,1611881664
Grand Gaube,-20.0064,57.6608,80.33,75,42,12.53,MU,1611881664
Tocopilla,-22.092,-70.1979,66.81,67,0,2.8,CL,1611881664
Birjand,32.8663,59.2211,24.8,28,0,6.91,IR,1611881665
Biak,-0.9131,122.8766,82.49,65,100,3.2,ID,1611881665
Andilamena,-17.0167,48.5833,64.8,95,25,2.33,MG,1611881665
Lhokseumawe,5.1801,97.1507,77.13,80,100,4.34,ID,1611881665
Buala,-8.145,159.5921,80.37,85,100,14.41,SB,1611881665
Quatre Cocos,-20.2078,57.7625,75.99,88,40,8.55,MU,1611881665
Son La,21.3167,103.9,56.53,80,45,3.91,VN,1611881665
Mandalgovi,45.7625,106.2708,12.88,84,0,19.91,MN,1611881665
Sainte-Marie,-20.8968,55.5496,78.8,65,0,12.66,RE,1611881665
Erdenet,49.0333,104.0833,9.82,85,83,10.11,MN,1611881666
Port Lincoln,-34.7333,135.8667,69.39,68,58,10.11,AU,1611881568
Talcahuano,-36.7167,-73.1167,59.0,100,90,10.36,CL,1611881666
Araguaína,-7.1911,-48.2072,75.27,85,86,0.65,BR,1611881666
Castrovillari,39.8203,16.2123,44.22,86,29,6.22,IT,1611881666
Quimperlé,47.8667,-3.55,51.06,88,17,19.6,FR,1611881666
Nantucket,41.2835,-70.0995,32.0,86,90,20.71,US,1611881403
Lianran,24.9227,102.485,46.96,84,100,2.98,CN,1611881666
Cap Malheureux,-19.9842,57.6142,75.99,83,77,4.0,MU,1611881667
San Blas,21.5167,-105.2667,80.6,44,75,11.5,MX,1611881667
Baharly,38.4362,57.4316,45.25,54,1,4.45,TM,1611881647
Vradiyivka,47.862,30.5919,25.21,97,100,12.12,UA,1611881667
Guerrero Negro,27.9769,-114.0611,62.71,53,0,10.16,MX,1611881667
Yatou,37.15,122.3833,25.32,76,0,6.85,CN,1611881667
Daokou,35.5639,114.5058,36.16,59,0,8.01,CN,1611881667
Karaton,-6.3424,106.1045,75.27,88,100,1.3,ID,1611881667
Liku,-0.7275,119.8922,81.18,71,100,1.28,ID,1611881668
Kibuye,-2.0597,29.3482,64.51,75,100,0.87,RW,1611881668
Impfondo,1.6381,18.0667,72.81,83,100,2.75,CG,1611881668
Shingū,33.7333,135.9833,37.4,52,40,24.16,JP,1611881475
Clyde River,70.4692,-68.5914,-20.2,76,1,2.3,CA,1611881668
Atar,20.5169,-13.0499,66.51,27,0,8.77,MR,1611881668
Maţāy,28.419,30.7792,47.5,52,0,9.08,EG,1611881435
Azare,11.6765,10.1948,65.57,22,0,8.84,NG,1611881668
Fairbanks,64.8378,-147.7164,0.36,90,100,1.79,US,1611881468
Boa Vista,2.8197,-60.6733,80.37,57,47,12.91,BR,1611881669
Santa Lucía,27.9117,-15.5407,62.01,44,0,3.49,ES,1611881669
Japura,-0.3167,102.35,74.32,93,100,3.29,ID,1611881669
Dutse,11.7594,9.3392,64.44,22,0,8.16,NG,1611881669
Galveston,29.3669,-94.9669,54.0,62,1,6.91,US,1611881669
Bardsīr,29.9227,56.5743,32.0,23,0,4.61,IR,1611881669
Skotterud,59.9828,12.1283,9.0,85,0,3.44,NO,1611881669
Hua Hin,12.5707,99.9588,73.4,94,0,2.3,TH,1611881669
Meulaboh,4.1363,96.1285,76.12,85,100,5.1,ID,1611881669
Monte Alegre,-2.0078,-54.0692,76.1,88,100,3.76,BR,1611881669
Vuktyl,63.8567,57.3094,-20.04,87,13,5.14,RU,1611881670
Agadez,19.75,10.25,55.78,35,0,11.97,NE,1611881670
Najrān,17.4924,44.1277,55.17,37,0,5.88,SA,1611881670
Talnakh,69.4865,88.3972,-32.98,72,3,3.44,RU,1611881670
Itaituba,-4.2761,-55.9836,74.07,97,100,1.7,BR,1611881470
Fukuechō,32.6881,128.8419,36.93,83,97,27.98,JP,1611881670
Mizdah,31.4451,12.9801,51.21,67,0,9.78,LY,1611881670
Boralday,43.3578,76.8594,6.8,85,90,2.24,KZ,1611881671
Dongfeng,42.6403,125.5118,-6.43,85,0,7.99,CN,1611881671
Avera,33.194,-82.5271,44.6,49,1,5.75,US,1611881671
Kapustin Yar,48.5831,45.7372,29.23,96,61,5.77,RU,1611881671
Lamas,-6.4167,-76.5333,87.8,51,20,11.5,PE,1611881497
Touros,-5.1989,-35.4608,80.6,74,40,11.5,BR,1611881533
Gazli,40.1333,63.45,35.47,77,1,13.98,UZ,1611881671
Topeka,39.0483,-95.678,32.0,74,1,6.91,US,1611881499
Canutama,-6.5339,-64.3831,75.07,95,39,1.66,BR,1611881648
Kumul,42.8,93.45,19.2,84,0,5.97,CN,1611881506
Mamlyutka,54.9375,68.5394,17.91,94,100,14.41,KZ,1611881672
Mount Gambier,-37.8333,140.7667,73.4,68,75,10.36,AU,1611881672
Banjar,-8.19,114.9675,81.14,76,100,8.61,ID,1611881672
Leshukonskoye,64.8989,45.7622,-5.26,90,99,7.92,RU,1611881672
Slonim,53.0867,25.3219,23.56,98,100,5.86,BY,1611881672
Stornoway,58.2093,-6.3865,37.4,87,40,20.71,GB,1611881672
Klin,56.3333,36.7333,32.0,93,90,13.42,RU,1611881673
Poshekhon'ye,58.4993,39.1353,28.71,98,100,9.62,RU,1611881673
Uyuni,-20.4597,-66.825,52.39,40,0,15.32,BO,1611881673
Shiyan,32.6475,110.7781,41.83,57,0,0.51,CN,1611881673
Aswān,24.0934,32.907,51.46,48,9,6.85,EG,1611881673
Develi,38.3906,35.4922,30.2,93,75,2.3,TR,1611881673
Bonnyville,54.2668,-110.735,5.0,72,90,1.19,CA,1611881673
Nokaneng,-19.6667,22.2667,70.16,87,100,5.14,BW,1611881673
Kaarina,60.4072,22.369,17.89,96,100,7.31,FI,1611881674
Isangel,-19.55,169.2667,84.15,73,81,17.78,VU,1611881674
Jackson,42.4165,-122.8345,42.8,75,90,1.39,US,1611881674
Bilibino,68.0546,166.4372,-18.13,80,100,6.67,RU,1611881674
Caravelas,-17.7125,-39.2481,76.03,86,0,5.79,BR,1611881674
Kaduna,10.5222,7.4383,71.02,19,0,11.27,NG,1611881674
Yorosso,12.3536,-4.7761,71.58,16,11,8.1,ML,1611881674
Chicama,-7.8447,-79.1469,72.28,70,100,5.61,PE,1611881674
Billings Metropolitan Area,45.7833,-108.5007,41.0,38,75,4.61,US,1611881675
La Grande,45.3246,-118.0877,41.0,74,100,1.99,US,1611881448
Pospelikha,51.95,81.7667,18.43,95,100,21.72,RU,1611881675
Mackay,-21.15,149.2,78.8,83,75,10.36,AU,1611881675
Sibiti,-3.6819,13.3499,69.04,99,91,0.98,CG,1611881675
Altona,53.55,9.9333,30.99,80,90,4.61,DE,1611881675
Cunha,-23.0744,-44.9597,66.63,84,97,1.77,BR,1611881675
Steinkjer,64.193,11.3851,27.0,77,100,20.0,NO,1611881675
Montepuez,-13.1256,38.9997,69.04,100,69,2.91,MZ,1611881675
Khani,41.9563,42.9566,42.8,93,90,4.61,GE,1611881676
Balyqshy,47.0667,51.8667,35.6,60,75,22.37,KZ,1611881676
Margate,51.3813,1.3862,50.0,90,100,5.99,GB,1611881676
George Town,5.4112,100.3354,78.01,88,20,3.44,MY,1611881515
Ossora,59.2353,163.0719,2.77,86,57,3.4,RU,1611881676
Nichinan,31.6,131.3667,41.0,45,20,23.02,JP,1611881676
Great Yarmouth,52.6083,1.7305,50.0,93,90,9.22,GB,1611881676
Uarini,-2.99,-65.1083,77.0,94,75,6.91,BR,1611881676
Epe,6.5841,3.9834,77.41,90,0,4.07,NG,1611881677
Itarema,-2.9248,-39.9167,80.4,76,100,11.81,BR,1611881677
Kaeo,-35.1,173.7833,75.99,42,0,17.0,NZ,1611881677
High Level,58.5169,-117.136,-12.87,90,70,4.81,CA,1611881677
Merrill,45.1805,-89.6835,15.8,67,40,4.61,US,1611881677
Cabo San Lucas,22.8909,-109.9124,75.2,53,1,8.05,MX,1611881677
Bozeman,45.6796,-111.0386,42.8,42,75,3.44,US,1611881477
Aasiaat,68.7098,-52.8699,6.67,86,0,9.82,GL,1611881677
Kīhei,20.785,-156.4656,80.6,54,40,25.32,US,1611881677
Balkanabat,39.5108,54.3671,51.1,42,39,7.02,TM,1611881678
Mareeba,-17.0,145.4333,82.0,74,100,5.99,AU,1611881678
Vangaindrano,-23.35,47.6,76.19,89,100,2.15,MG,1611881678
Kasongo-Lunda,-6.4667,16.8167,70.29,90,95,1.1,CD,1611881678
Waingapu,-9.6567,120.2641,83.17,75,93,16.06,ID,1611881678
Thunder Bay,48.4001,-89.3168,6.01,66,1,4.34,CA,1611881499
Kāzerūn,29.6195,51.6541,53.8,39,11,4.43,IR,1611881678
Lüderitz,-26.6481,15.1594,68.04,52,0,24.49,NA,1611881678
Kysyl-Syr,63.8986,122.7617,-53.48,71,53,2.53,RU,1611881678
Vestmannaeyjar,63.4427,-20.2734,33.85,84,9,9.69,IS,1611881679
Auki,-8.7676,160.7034,78.96,89,100,12.66,SB,1611881679
Santa Cruz de la Sierra,-17.8,-63.1667,72.86,90,100,12.86,BO,1611881621
Kalabo,-14.97,22.6814,63.34,96,3,5.66,ZM,1611881679
Port Pirie,-33.1833,138.0167,75.2,64,21,12.66,AU,1611881679
Bubaque,11.2833,-15.8333,77.79,70,65,9.8,GW,1611881679
Adwa,14.1646,38.8955,51.53,49,0,0.98,ET,1611881679
Shamkhal,43.0596,47.3373,45.23,71,100,13.76,RU,1611881679
Tangermünde,52.5446,11.9765,32.0,80,80,1.45,DE,1611881680
Yeppoon,-23.1333,150.7333,84.2,51,40,12.66,AU,1611881565
Bukene,-4.2333,32.8833,62.82,86,8,2.19,TZ,1611881680
St. George's,12.0564,-61.7485,77.0,78,20,3.44,GD,1611881645
Sevsk,52.1491,34.4926,28.65,96,1,11.81,RU,1611881680
Arrondissement de Vierzon,47.2101,2.0625,53.58,89,100,20.29,FR,1611881680
Cayenne,4.9333,-52.3333,75.2,100,75,8.05,GF,1611881584
Nakamura,32.9833,132.9333,36.77,78,35,15.01,JP,1611881680
Rocha,-34.4833,-54.3333,70.32,53,50,13.49,UY,1611881680
Vostok,46.4856,135.8833,-5.64,91,100,3.87,RU,1611881413
Lygourio,37.6167,23.0333,46.0,69,0,4.03,GR,1611881681
Kaspiysk,42.8816,47.6392,45.48,73,100,17.47,RU,1611881681
Māngrol,21.1167,70.1167,59.5,41,0,13.78,IN,1611881681
Laas,46.6166,10.7002,32.0,93,40,4.61,IT,1611881681
Kuusamo,65.9667,29.1833,12.2,85,90,8.05,FI,1611881681
Khovd,48.0056,91.6419,3.7,82,0,1.32,MN,1611881498
Tarnogskiy Gorodok,60.4997,43.5761,24.55,98,97,7.83,RU,1611881681
Tuatapere,-46.1333,167.6833,48.0,80,96,8.01,NZ,1611881460
Batagay,67.6333,134.6333,-48.15,74,17,1.5,RU,1611881682
Osakarovka,50.565,72.5692,17.38,92,100,8.3,KZ,1611881682
Yabrūd,33.9674,36.6574,42.8,87,75,11.5,SY,1611881682
El Tigre,8.8875,-64.2454,77.94,64,40,9.6,VE,1611881409
Beira,-19.8436,34.8389,80.6,89,20,4.61,MZ,1611881682
Kuytun,54.3419,101.5036,-29.96,83,100,3.74,RU,1611881682
Jūybār,36.6412,52.9124,53.76,46,0,4.23,IR,1611881682
Licheng,23.2955,113.8284,59.0,44,0,2.24,CN,1611881682
